{"cameraMode":{"drawMode":0,"name":"Shaded","section":"Shading Mode"},"sceneLighting":false,"audioPlay":false,"sceneViewState":{"m_AlwaysRefresh":false,"showFog":true,"showSkybox":false,"showFlares":true,"showImageEffects":true,"showParticleSystems":true,"showVisualEffectGraphs":true,"m_FxEnabled":true},"in2DMode":false,"pivot":{"x":-0.08077198266983032,"y":-0.47568583488464358,"z":0.13521194458007813},"rotation":{"x":-0.11678386479616165,"y":0.8793659806251526,"z":-0.27956175804138186,"w":-0.36733946204185488},"size":0.8286672830581665,"orthographic":false}