{"cameraMode":{"drawMode":0,"name":"Shaded","section":"Shading Mode"},"sceneLighting":false,"audioPlay":false,"sceneViewState":{"m_AlwaysRefresh":false,"showFog":true,"showSkybox":false,"showFlares":true,"showImageEffects":true,"showParticleSystems":true,"showVisualEffectGraphs":true,"m_FxEnabled":true},"in2DMode":false,"pivot":{"x":0.30707216262817385,"y":2.934030055999756,"z":7.831878662109375},"rotation":{"x":-0.02009505033493042,"y":0.0245857834815979,"z":-0.0004925805842503905,"w":-0.9995102882385254},"size":7.293774604797363,"orthographic":false}