{"cameraMode":{"drawMode":0,"name":"Shaded","section":"Shading Mode"},"sceneLighting":false,"audioPlay":false,"sceneViewState":{"m_AlwaysRefresh":false,"showFog":true,"showSkybox":false,"showFlares":true,"showImageEffects":true,"showParticleSystems":true,"showVisualEffectGraphs":true,"m_FxEnabled":true},"in2DMode":false,"pivot":{"x":-7.103738307952881,"y":-0.04083288088440895,"z":2.8964829444885256},"rotation":{"x":0.12663760781288148,"y":0.25438880920410159,"z":-0.03361310437321663,"w":0.9581974744796753},"size":4.019210338592529,"orthographic":true}