{"cameraMode":{"drawMode":0,"name":"Shaded","section":"Shading Mode"},"sceneLighting":false,"audioPlay":false,"sceneViewState":{"m_AlwaysRefresh":false,"showFog":true,"showSkybox":false,"showFlares":true,"showImageEffects":true,"showParticleSystems":true,"showVisualEffectGraphs":true,"m_FxEnabled":true},"in2DMode":false,"pivot":{"x":-4.496062755584717,"y":1.5000001192092896,"z":4.625000953674316},"rotation":{"x":0.07879779487848282,"y":-0.022428570315241815,"z":0.0017822177615016699,"w":0.9966474175453186},"size":6.662326335906982,"orthographic":true}