{"cameraMode":{"drawMode":0,"name":"Shaded","section":"Shading Mode"},"sceneLighting":false,"audioPlay":false,"sceneViewState":{"m_AlwaysRefresh":false,"showFog":true,"showSkybox":false,"showFlares":true,"showImageEffects":true,"showParticleSystems":true,"showVisualEffectGraphs":true,"m_FxEnabled":true},"in2DMode":false,"pivot":{"x":-6.446504592895508,"y":-0.3896903991699219,"z":1.7949633598327637},"rotation":{"x":0.07879779487848282,"y":-0.022428570315241815,"z":0.0017822177615016699,"w":0.9966474175453186},"size":5.157205581665039,"orthographic":true}