{"cameraMode":{"drawMode":0,"name":"Shaded","section":"Shading Mode"},"sceneLighting":false,"audioPlay":false,"sceneViewState":{"m_AlwaysRefresh":false,"showFog":true,"showSkybox":false,"showFlares":true,"showImageEffects":true,"showParticleSystems":true,"showVisualEffectGraphs":true,"m_FxEnabled":true},"in2DMode":false,"pivot":{"x":13.643001556396485,"y":0.17227187752723695,"z":-2.3493916988372804},"rotation":{"x":0.17396610975265504,"y":0.3639051914215088,"z":-0.06937336921691895,"w":0.9124228358268738},"size":6.495762348175049,"orthographic":true}